[{"model": "admin.logentry", "pk": 1, "fields": {"action_time": "2022-10-07T11:41:12.498Z", "user": 1, "content_type": 15, "object_id": "19", "object_repr": "Tangerine Honey", "action_flag": 3, "change_message": ""}}, {"model": "admin.logentry", "pk": 2, "fields": {"action_time": "2022-11-03T12:04:41.039Z", "user": 1, "content_type": 17, "object_id": "3", "object_repr": "7D09BA885B8046CDA570D6AE7E22A407", "action_flag": 3, "change_message": ""}}, {"model": "admin.logentry", "pk": 3, "fields": {"action_time": "2022-11-03T12:04:41.062Z", "user": 1, "content_type": 17, "object_id": "2", "object_repr": "C0B331D52C13409D8C650BBCFFAB9A96", "action_flag": 3, "change_message": ""}}, {"model": "admin.logentry", "pk": 4, "fields": {"action_time": "2022-11-03T12:04:41.065Z", "user": 1, "content_type": 17, "object_id": "1", "object_repr": "1766A5A1789F4F5B8F457F6CE10FFE9B", "action_flag": 3, "change_message": ""}}, {"model": "admin.logentry", "pk": 5, "fields": {"action_time": "2022-11-03T12:25:36.856Z", "user": 1, "content_type": 17, "object_id": "6", "object_repr": "4B11C131201040C88496E9E2C17A51B2", "action_flag": 2, "change_message": "[{\"changed\": {\"name\": \"order line item\", \"object\": \"OrderLineItem object (1)\", \"fields\": [\"Quantity\"]}}]"}}, {"model": "admin.logentry", "pk": 6, "fields": {"action_time": "2022-11-03T12:26:57.439Z", "user": 1, "content_type": 17, "object_id": "6", "object_repr": "4B11C131201040C88496E9E2C17A51B2", "action_flag": 2, "change_message": "[{\"deleted\": {\"name\": \"order line item\", \"object\": \"OrderLineItem object (None)\"}}, {\"deleted\": {\"name\": \"order line item\", \"object\": \"OrderLineItem object (None)\"}}]"}}, {"model": "admin.logentry", "pk": 7, "fields": {"action_time": "2022-11-07T12:30:22.578Z", "user": 1, "content_type": 15, "object_id": "22", "object_repr": "Test Ok", "action_flag": 3, "change_message": ""}}, {"model": "admin.logentry", "pk": 8, "fields": {"action_time": "2022-11-07T12:30:22.580Z", "user": 1, "content_type": 15, "object_id": "21", "object_repr": "sadas", "action_flag": 3, "change_message": ""}}, {"model": "admin.logentry", "pk": 9, "fields": {"action_time": "2022-11-08T16:27:09.338Z", "user": 1, "content_type": 20, "object_id": "1", "object_repr": "Sicilian Gourmet Tasting (Half Day Experience)", "action_flag": 1, "change_message": "[{\"added\": {}}]"}}, {"model": "admin.logentry", "pk": 10, "fields": {"action_time": "2022-11-08T16:31:07.086Z", "user": 1, "content_type": 20, "object_id": "2", "object_repr": "A Taste Of Sicily (Full Day Experience)", "action_flag": 1, "change_message": "[{\"added\": {}}]"}}, {"model": "admin.logentry", "pk": 11, "fields": {"action_time": "2022-11-09T15:35:57.123Z", "user": 1, "content_type": 21, "object_id": "1", "object_repr": "Red wine, white wine", "action_flag": 1, "change_message": "[{\"added\": {}}]"}}, {"model": "admin.logentry", "pk": 12, "fields": {"action_time": "2022-11-09T17:34:32.675Z", "user": 1, "content_type": 21, "object_id": "1", "object_repr": "Red wine, white wine", "action_flag": 3, "change_message": ""}}, {"model": "admin.logentry", "pk": 13, "fields": {"action_time": "2022-11-09T17:35:33.428Z", "user": 1, "content_type": 21, "object_id": "2", "object_repr": "Bread", "action_flag": 1, "change_message": "[{\"added\": {}}]"}}, {"model": "admin.logentry", "pk": 14, "fields": {"action_time": "2022-11-09T17:57:25.647Z", "user": 1, "content_type": 21, "object_id": "3", "object_repr": "Pesto", "action_flag": 1, "change_message": "[{\"added\": {}}]"}}, {"model": "admin.logentry", "pk": 15, "fields": {"action_time": "2022-11-09T17:57:35.658Z", "user": 1, "content_type": 21, "object_id": "4", "object_repr": "Pistachio Pesto", "action_flag": 1, "change_message": "[{\"added\": {}}]"}}, {"model": "admin.logentry", "pk": 16, "fields": {"action_time": "2022-11-09T17:58:09.325Z", "user": 1, "content_type": 21, "object_id": "5", "object_repr": "Conchiglie", "action_flag": 1, "change_message": "[{\"added\": {}}]"}}, {"model": "admin.logentry", "pk": 17, "fields": {"action_time": "2022-11-09T17:58:15.993Z", "user": 1, "content_type": 21, "object_id": "6", "object_repr": "Fettuccine", "action_flag": 1, "change_message": "[{\"added\": {}}]"}}, {"model": "admin.logentry", "pk": 18, "fields": {"action_time": "2022-11-09T17:58:22.107Z", "user": 1, "content_type": 21, "object_id": "7", "object_repr": "Fusilli", "action_flag": 1, "change_message": "[{\"added\": {}}]"}}, {"model": "admin.logentry", "pk": 19, "fields": {"action_time": "2022-11-09T17:58:39.200Z", "user": 1, "content_type": 21, "object_id": "8", "object_repr": "Penne Rigate", "action_flag": 1, "change_message": "[{\"added\": {}}]"}}, {"model": "admin.logentry", "pk": 20, "fields": {"action_time": "2022-11-09T17:58:44.529Z", "user": 1, "content_type": 21, "object_id": "9", "object_repr": "Tortiglioni", "action_flag": 1, "change_message": "[{\"added\": {}}]"}}, {"model": "admin.logentry", "pk": 21, "fields": {"action_time": "2022-11-09T17:58:49.661Z", "user": 1, "content_type": 21, "object_id": "10", "object_repr": "Spaghetti", "action_flag": 1, "change_message": "[{\"added\": {}}]"}}, {"model": "admin.logentry", "pk": 22, "fields": {"action_time": "2022-11-09T17:59:16.063Z", "user": 1, "content_type": 21, "object_id": "11", "object_repr": "Extra-Virgin Olive Oil", "action_flag": 1, "change_message": "[{\"added\": {}}]"}}, {"model": "admin.logentry", "pk": 23, "fields": {"action_time": "2022-11-09T18:00:09.158Z", "user": 1, "content_type": 15, "object_id": "10", "object_repr": "Extra-Virgin Olive Oil", "action_flag": 2, "change_message": "[{\"changed\": {\"fields\": [\"Name\", \"Pairing\"]}}]"}}, {"model": "admin.logentry", "pk": 24, "fields": {"action_time": "2022-11-09T18:00:56.363Z", "user": 1, "content_type": 21, "object_id": "12", "object_repr": "Olive Sauce", "action_flag": 1, "change_message": "[{\"added\": {}}]"}}, {"model": "admin.logentry", "pk": 25, "fields": {"action_time": "2022-11-09T18:01:03.465Z", "user": 1, "content_type": 21, "object_id": "13", "object_repr": "Tuna Sauce", "action_flag": 1, "change_message": "[{\"added\": {}}]"}}, {"model": "admin.logentry", "pk": 26, "fields": {"action_time": "2022-11-09T18:01:09.504Z", "user": 1, "content_type": 21, "object_id": "14", "object_repr": "Ragù", "action_flag": 1, "change_message": "[{\"added\": {}}]"}}, {"model": "admin.logentry", "pk": 27, "fields": {"action_time": "2022-11-09T18:01:33.434Z", "user": 1, "content_type": 21, "object_id": "15", "object_repr": "Citrus Juice", "action_flag": 1, "change_message": "[{\"added\": {}}]"}}, {"model": "admin.logentry", "pk": 28, "fields": {"action_time": "2022-11-09T18:01:38.851Z", "user": 1, "content_type": 21, "object_id": "16", "object_repr": "Apple Cider", "action_flag": 1, "change_message": "[{\"added\": {}}]"}}, {"model": "admin.logentry", "pk": 29, "fields": {"action_time": "2022-11-09T18:01:50.854Z", "user": 1, "content_type": 21, "object_id": "17", "object_repr": "Sicilian-style Macarons", "action_flag": 1, "change_message": "[{\"added\": {}}]"}}, {"model": "admin.logentry", "pk": 30, "fields": {"action_time": "2022-11-09T18:02:03.741Z", "user": 1, "content_type": 21, "object_id": "18", "object_repr": "Chocolate Cookies", "action_flag": 1, "change_message": "[{\"added\": {}}]"}}, {"model": "admin.logentry", "pk": 31, "fields": {"action_time": "2022-11-09T18:02:18.194Z", "user": 1, "content_type": 21, "object_id": "19", "object_repr": "Tangerine Honey", "action_flag": 1, "change_message": "[{\"added\": {}}]"}}, {"model": "admin.logentry", "pk": 32, "fields": {"action_time": "2022-11-09T18:02:52.807Z", "user": 1, "content_type": 21, "object_id": "20", "object_repr": "Red wine", "action_flag": 1, "change_message": "[{\"added\": {}}]"}}, {"model": "admin.logentry", "pk": 33, "fields": {"action_time": "2022-11-09T18:03:00.262Z", "user": 1, "content_type": 21, "object_id": "21", "object_repr": "White Wine", "action_flag": 1, "change_message": "[{\"added\": {}}]"}}, {"model": "admin.logentry", "pk": 34, "fields": {"action_time": "2022-11-09T18:03:05.423Z", "user": 1, "content_type": 21, "object_id": "22", "object_repr": "Prosecco", "action_flag": 1, "change_message": "[{\"added\": {}}]"}}, {"model": "admin.logentry", "pk": 35, "fields": {"action_time": "2022-11-09T18:04:08.043Z", "user": 1, "content_type": 21, "object_id": "23", "object_repr": "Zibibbo (Sicilian dessert wine)", "action_flag": 1, "change_message": "[{\"added\": {}}]"}}, {"model": "admin.logentry", "pk": 36, "fields": {"action_time": "2022-11-09T18:04:16.703Z", "user": 1, "content_type": 21, "object_id": "24", "object_repr": "Passito (Sicilian dessert wine)", "action_flag": 1, "change_message": "[{\"added\": {}}]"}}, {"model": "admin.logentry", "pk": 37, "fields": {"action_time": "2022-11-09T18:04:49.249Z", "user": 1, "content_type": 21, "object_id": "25", "object_repr": "Cheese", "action_flag": 1, "change_message": "[{\"added\": {}}]"}}, {"model": "admin.logentry", "pk": 38, "fields": {"action_time": "2022-11-09T18:05:13.977Z", "user": 1, "content_type": 15, "object_id": "16", "object_repr": "Apple Cider", "action_flag": 2, "change_message": "[{\"changed\": {\"fields\": [\"Pairing\"]}}]"}}, {"model": "admin.logentry", "pk": 39, "fields": {"action_time": "2022-11-09T18:05:39.756Z", "user": 1, "content_type": 15, "object_id": "17", "object_repr": "Chocolate Cookies", "action_flag": 2, "change_message": "[{\"changed\": {\"fields\": [\"Pairing\"]}}]"}}, {"model": "admin.logentry", "pk": 40, "fields": {"action_time": "2022-11-09T18:05:52.979Z", "user": 1, "content_type": 15, "object_id": "15", "object_repr": "Citruis Juice", "action_flag": 2, "change_message": "[{\"changed\": {\"fields\": [\"Pairing\"]}}]"}}, {"model": "admin.logentry", "pk": 41, "fields": {"action_time": "2022-11-09T18:06:46.172Z", "user": 1, "content_type": 15, "object_id": "1", "object_repr": "Conchiglie", "action_flag": 2, "change_message": "[{\"changed\": {\"fields\": [\"Pairing\"]}}]"}}, {"model": "admin.logentry", "pk": 42, "fields": {"action_time": "2022-11-09T18:07:23.414Z", "user": 1, "content_type": 15, "object_id": "2", "object_repr": "Fettuccine", "action_flag": 2, "change_message": "[{\"changed\": {\"fields\": [\"Pairing\"]}}]"}}, {"model": "admin.logentry", "pk": 43, "fields": {"action_time": "2022-11-09T18:08:35.032Z", "user": 1, "content_type": 15, "object_id": "3", "object_repr": "Fusilli", "action_flag": 2, "change_message": "[{\"changed\": {\"fields\": [\"Pairing\"]}}]"}}, {"model": "admin.logentry", "pk": 44, "fields": {"action_time": "2022-11-09T18:09:07.119Z", "user": 1, "content_type": 15, "object_id": "9", "object_repr": "Lemon marmalade", "action_flag": 2, "change_message": "[{\"changed\": {\"fields\": [\"Pairing\"]}}]"}}, {"model": "admin.logentry", "pk": 45, "fields": {"action_time": "2022-11-09T18:09:33.642Z", "user": 1, "content_type": 15, "object_id": "14", "object_repr": "Olive Sauce + Tuna Sauce (two sauces)", "action_flag": 2, "change_message": "[{\"changed\": {\"fields\": [\"Pairing\"]}}]"}}, {"model": "admin.logentry", "pk": 46, "fields": {"action_time": "2022-11-09T18:09:46.878Z", "user": 1, "content_type": 15, "object_id": "14", "object_repr": "Olive Sauce + Tuna Sauce (two sauces)", "action_flag": 2, "change_message": "[{\"changed\": {\"fields\": [\"Pairing\"]}}]"}}, {"model": "admin.logentry", "pk": 47, "fields": {"action_time": "2022-11-09T18:10:08.102Z", "user": 1, "content_type": 15, "object_id": "7", "object_repr": "Orange marmalade", "action_flag": 2, "change_message": "[{\"changed\": {\"fields\": [\"Pairing\"]}}]"}}, {"model": "admin.logentry", "pk": 48, "fields": {"action_time": "2022-11-09T18:10:46.081Z", "user": 1, "content_type": 15, "object_id": "4", "object_repr": "Penne Rigate", "action_flag": 2, "change_message": "[{\"changed\": {\"fields\": [\"Pairing\"]}}]"}}, {"model": "admin.logentry", "pk": 49, "fields": {"action_time": "2022-11-09T18:11:01.181Z", "user": 1, "content_type": 15, "object_id": "8", "object_repr": "Persimmon jam", "action_flag": 2, "change_message": "[{\"changed\": {\"fields\": [\"Pairing\"]}}]"}}, {"model": "admin.logentry", "pk": 50, "fields": {"action_time": "2022-11-09T18:11:17.911Z", "user": 1, "content_type": 15, "object_id": "12", "object_repr": "Pesto", "action_flag": 2, "change_message": "[{\"changed\": {\"fields\": [\"Pairing\"]}}]"}}, {"model": "admin.logentry", "pk": 51, "fields": {"action_time": "2022-11-09T18:12:16.244Z", "user": 1, "content_type": 15, "object_id": "13", "object_repr": "Pistachio Pesto", "action_flag": 2, "change_message": "[{\"changed\": {\"fields\": [\"Pairing\"]}}]"}}, {"model": "admin.logentry", "pk": 52, "fields": {"action_time": "2022-11-09T18:12:32.908Z", "user": 1, "content_type": 15, "object_id": "12", "object_repr": "Pesto", "action_flag": 2, "change_message": "[{\"changed\": {\"fields\": [\"Pairing\"]}}]"}}, {"model": "admin.logentry", "pk": 53, "fields": {"action_time": "2022-11-09T18:13:01.132Z", "user": 1, "content_type": 15, "object_id": "18", "object_repr": "Sicilian-style Macarons", "action_flag": 2, "change_message": "[{\"changed\": {\"fields\": [\"Pairing\"]}}]"}}, {"model": "admin.logentry", "pk": 54, "fields": {"action_time": "2022-11-09T18:13:38.414Z", "user": 1, "content_type": 15, "object_id": "6", "object_repr": "Spaghetti", "action_flag": 2, "change_message": "[{\"changed\": {\"fields\": [\"Pairing\"]}}]"}}, {"model": "admin.logentry", "pk": 55, "fields": {"action_time": "2022-11-09T18:13:50.549Z", "user": 1, "content_type": 15, "object_id": "20", "object_repr": "Tangerine Honey", "action_flag": 2, "change_message": "[{\"changed\": {\"fields\": [\"Pairing\"]}}]"}}, {"model": "admin.logentry", "pk": 56, "fields": {"action_time": "2022-11-09T18:14:10.766Z", "user": 1, "content_type": 15, "object_id": "5", "object_repr": "Tortiglioni", "action_flag": 2, "change_message": "[{\"changed\": {\"fields\": [\"Pairing\"]}}]"}}, {"model": "admin.logentry", "pk": 57, "fields": {"action_time": "2022-11-09T22:32:33.543Z", "user": 1, "content_type": 15, "object_id": "7", "object_repr": "Orange marmalade", "action_flag": 2, "change_message": "[{\"changed\": {\"fields\": [\"Pairings\"]}}]"}}, {"model": "admin.logentry", "pk": 58, "fields": {"action_time": "2022-11-09T23:16:17.388Z", "user": 1, "content_type": 15, "object_id": "1", "object_repr": "Conchiglie", "action_flag": 2, "change_message": "[{\"changed\": {\"fields\": [\"Pairings\"]}}]"}}, {"model": "admin.logentry", "pk": 59, "fields": {"action_time": "2022-11-10T09:21:28.968Z", "user": 1, "content_type": 15, "object_id": "16", "object_repr": "Apple Cider", "action_flag": 2, "change_message": "[{\"changed\": {\"fields\": [\"Pairings\"]}}]"}}, {"model": "admin.logentry", "pk": 60, "fields": {"action_time": "2022-11-10T09:22:26.264Z", "user": 1, "content_type": 15, "object_id": "17", "object_repr": "Chocolate Cookies", "action_flag": 2, "change_message": "[{\"changed\": {\"fields\": [\"Pairings\"]}}]"}}, {"model": "admin.logentry", "pk": 61, "fields": {"action_time": "2022-11-10T09:22:35.106Z", "user": 1, "content_type": 15, "object_id": "15", "object_repr": "Citruis Juice", "action_flag": 2, "change_message": "[{\"changed\": {\"fields\": [\"Pairings\"]}}]"}}, {"model": "admin.logentry", "pk": 62, "fields": {"action_time": "2022-11-10T09:22:48.703Z", "user": 1, "content_type": 15, "object_id": "1", "object_repr": "Conchiglie", "action_flag": 2, "change_message": "[{\"changed\": {\"fields\": [\"Pairings\"]}}]"}}, {"model": "admin.logentry", "pk": 63, "fields": {"action_time": "2022-11-10T09:23:12.205Z", "user": 1, "content_type": 15, "object_id": "2", "object_repr": "Fettuccine", "action_flag": 2, "change_message": "[{\"changed\": {\"fields\": [\"Pairings\"]}}]"}}, {"model": "admin.logentry", "pk": 64, "fields": {"action_time": "2022-11-10T09:23:30.240Z", "user": 1, "content_type": 15, "object_id": "3", "object_repr": "Fusilli", "action_flag": 2, "change_message": "[{\"changed\": {\"fields\": [\"Pairings\"]}}]"}}, {"model": "admin.logentry", "pk": 65, "fields": {"action_time": "2022-11-10T09:23:46.606Z", "user": 1, "content_type": 15, "object_id": "9", "object_repr": "Lemon marmalade", "action_flag": 2, "change_message": "[{\"changed\": {\"fields\": [\"Pairings\"]}}]"}}, {"model": "admin.logentry", "pk": 66, "fields": {"action_time": "2022-11-10T09:24:37.205Z", "user": 1, "content_type": 21, "object_id": "26", "object_repr": "Pasta - All", "action_flag": 1, "change_message": "[{\"added\": {}}]"}}, {"model": "admin.logentry", "pk": 67, "fields": {"action_time": "2022-11-10T09:24:53.499Z", "user": 1, "content_type": 15, "object_id": "10", "object_repr": "Extra-Virgin Olive Oil", "action_flag": 2, "change_message": "[{\"changed\": {\"fields\": [\"Pairings\"]}}]"}}, {"model": "admin.logentry", "pk": 68, "fields": {"action_time": "2022-11-10T09:25:08.531Z", "user": 1, "content_type": 15, "object_id": "14", "object_repr": "Olive Sauce + Tuna Sauce (two sauces)", "action_flag": 2, "change_message": "[{\"changed\": {\"fields\": [\"Pairings\"]}}]"}}, {"model": "admin.logentry", "pk": 69, "fields": {"action_time": "2022-11-10T09:25:56.455Z", "user": 1, "content_type": 15, "object_id": "4", "object_repr": "Penne Rigate", "action_flag": 2, "change_message": "[{\"changed\": {\"fields\": [\"Pairings\"]}}]"}}, {"model": "admin.logentry", "pk": 70, "fields": {"action_time": "2022-11-10T09:26:04.573Z", "user": 1, "content_type": 15, "object_id": "8", "object_repr": "Persimmon jam", "action_flag": 2, "change_message": "[{\"changed\": {\"fields\": [\"Pairings\"]}}]"}}, {"model": "admin.logentry", "pk": 71, "fields": {"action_time": "2022-11-10T09:26:14.876Z", "user": 1, "content_type": 15, "object_id": "12", "object_repr": "Pesto", "action_flag": 2, "change_message": "[{\"changed\": {\"fields\": [\"Pairings\"]}}]"}}, {"model": "admin.logentry", "pk": 72, "fields": {"action_time": "2022-11-10T09:26:23.895Z", "user": 1, "content_type": 15, "object_id": "13", "object_repr": "Pistachio Pesto", "action_flag": 2, "change_message": "[{\"changed\": {\"fields\": [\"Pairings\"]}}]"}}, {"model": "admin.logentry", "pk": 73, "fields": {"action_time": "2022-11-10T09:26:32.107Z", "user": 1, "content_type": 15, "object_id": "18", "object_repr": "Sicilian-style Macarons", "action_flag": 2, "change_message": "[{\"changed\": {\"fields\": [\"Pairings\"]}}]"}}, {"model": "admin.logentry", "pk": 74, "fields": {"action_time": "2022-11-10T09:26:51.053Z", "user": 1, "content_type": 15, "object_id": "6", "object_repr": "Spaghetti", "action_flag": 2, "change_message": "[{\"changed\": {\"fields\": [\"Pairings\"]}}]"}}, {"model": "admin.logentry", "pk": 75, "fields": {"action_time": "2022-11-10T09:27:00.311Z", "user": 1, "content_type": 15, "object_id": "20", "object_repr": "Tangerine Honey", "action_flag": 2, "change_message": "[{\"changed\": {\"fields\": [\"Pairings\"]}}]"}}, {"model": "admin.logentry", "pk": 76, "fields": {"action_time": "2022-11-10T09:27:09.500Z", "user": 1, "content_type": 15, "object_id": "5", "object_repr": "Tortiglioni", "action_flag": 2, "change_message": "[{\"changed\": {\"fields\": [\"Pairings\"]}}]"}}, {"model": "admin.logentry", "pk": 77, "fields": {"action_time": "2022-11-10T09:31:46.024Z", "user": 1, "content_type": 21, "object_id": "27", "object_repr": "Salads - All", "action_flag": 1, "change_message": "[{\"added\": {}}]"}}, {"model": "admin.logentry", "pk": 78, "fields": {"action_time": "2022-11-10T09:31:59.374Z", "user": 1, "content_type": 15, "object_id": "10", "object_repr": "Extra-Virgin Olive Oil", "action_flag": 2, "change_message": "[{\"changed\": {\"fields\": [\"Pairings\"]}}]"}}, {"model": "admin.logentry", "pk": 79, "fields": {"action_time": "2022-11-10T09:32:12.274Z", "user": 1, "content_type": 15, "object_id": "11", "object_repr": "Belice Balsamic Vinegar", "action_flag": 2, "change_message": "[{\"changed\": {\"fields\": [\"Pairings\"]}}]"}}, {"model": "auth.user", "pk": 1, "fields": {"password": "pbkdf2_sha256$260000$lTo1veGsQyhRpo9hFjvHF4$AvXLTtQrM0yo2w6K/gYlewdrCajojO0G1CiqzgJSX/o=", "last_login": "2022-11-10T09:20:31.138Z", "is_superuser": true, "username": "shop-admin", "first_name": "", "last_name": "", "email": "admin@atasteofsicily.com", "is_staff": true, "is_active": true, "date_joined": "2022-10-07T11:40:38.707Z", "groups": [], "user_permissions": []}}, {"model": "auth.user", "pk": 2, "fields": {"password": "pbkdf2_sha256$260000$J1C1XYqag6twDj5n1F8NDb$tP7CRkihZfMa+fey6OYC/RxCk/TMxJKTCRysvUNeb5U=", "last_login": "2022-11-06T18:30:40.779Z", "is_superuser": false, "username": "TestOne", "first_name": "", "last_name": "", "email": "testone@mail.com", "is_staff": false, "is_active": true, "date_joined": "2022-11-05T15:53:56.271Z", "groups": [], "user_permissions": []}}, {"model": "auth.user", "pk": 3, "fields": {"password": "pbkdf2_sha256$260000$MrNVDMOtHAEg934F3DspNl$KvKCGlPA9Qp7hfYMnUWvIb9gfkNt3EUKo7yoiEDDFFI=", "last_login": "2022-11-09T11:56:15.825Z", "is_superuser": false, "username": "Prancesco", "first_name": "", "last_name": "", "email": "prancesco@mail.com", "is_staff": false, "is_active": true, "date_joined": "2022-11-06T11:34:19.289Z", "groups": [], "user_permissions": []}}, {"model": "sessions.session", "pk": "0wux86r3acpylm3b64uwgpxddu97m70w", "fields": {"session_data": "eyJzYXZlX2luZm8iOmZhbHNlLCJjYXJ0Ijp7IjIiOjF9LCJfc2Vzc2lvbl9leHBpcnkiOjB9:1orGeK:ulyiOUmBqSMZp5hEl1PPlVI4ZkXZ9uPRyHMbHNGDCJ8", "expire_date": "2022-11-19T10:43:40.231Z"}}, {"model": "sessions.session", "pk": "dryeb0l7h4vrhxfnahkbfsw6faze727s", "fields": {"session_data": ".eJxVjDsOwjAQRO_iGlm7Dv5R0ucM1vqHA8iW4qRC3B0spYBy5r2ZF3O0b8XtPa1uiezCkJ1-O0_hkeoA8U711nhodVsXz4fCD9r53GJ6Xg_376BQL2ONGmwkFImmgBKsRfBRqXM2mMFMKWT5zVoIMFbIoDKhlQg6gw-GEnt_ANLjN5c:1ot3uu:TTF5qeXfBDHyunb2AcoB38SO8qHGOW7zKGoDowJD15w", "expire_date": "2022-11-24T09:32:12.396Z"}}, {"model": "sessions.session", "pk": "ge2dvvlz9dd5iylniji9y2o3qeeilaae", "fields": {"session_data": ".eJxVjMEOgyAQRP9lzw1Zighy7L3fYFZYqm2DCWAvxn-vJl6c48ybt0KhH_dTijO4mhe-QU9LHfulcO6nAA4kXLqB_IfTMYQ3pdcs_JxqngZxIOJci3jOgb-Pk70IRirj_m72IHU6Ihmr2oGV11ahZmxRadk0ZLkNFn3DVoVORWnullQ0aKO5I-5ST7mCW0FKcHLb_vLeQQE:1oqgsq:5cCDPHgvagdrdchj3W9qJnd1T_blY37GYfidIx7C4pw", "expire_date": "2022-11-17T20:32:16.889Z"}}, {"model": "sessions.session", "pk": "gknjvzfra196tufyt442qj8391gao2q5", "fields": {"session_data": ".eJxVjskOgzAMRP8lZxQ5OCGGY-98AzJZCm0FEssJ8e8Ny6H1ZaR549FsouF16Zp1DlPTe1EJJbJfr2X3DsMB_IuH5yjdOCxT38ojIm86y3r04fO4s38FHc9d-tbpgEsTgS1h0QZ0hhBMgALQKK2ZQuEJnA6EvsSobE6M0QJFmwOkUsfTIqotLaxUJhSeksMp9vIudJB9_wLhCkCF:1ohy4f:HWy7uxXpgkWQkIHAhIMfW7j-s0GBYaepClRSW-iNCo8", "expire_date": "2022-10-24T19:04:25.729Z"}}, {"model": "sessions.session", "pk": "liaspvhb2aas6praijb30gc35cn4yoo0", "fields": {"session_data": "eyJjYXJ0Ijp7IjkiOjF9fQ:1ojOGG:86-JHusxtu4OcpOBIyTpWgKGtLN796PXGiII-sYgVyg", "expire_date": "2022-10-28T17:14:16.690Z"}}, {"model": "sessions.session", "pk": "mza1z9z7vlu56l78a6or5sxcuxce9bwm", "fields": {"session_data": ".eJxVjMEOwiAQRP-FsyHbLhTq0bvfQLawWNSAKW2iMf67bdKDznHmzXsLR8s8uqXy5FIQR9GIw283kL9x3oZwpXwp0pc8T2mQGyL3tcpzCXw_7eyfYKQ6rm-1BqjXEchY7AZGry2CZugAdaMUWe6CBa_YYugxNqa1hNGAjaYF2KSVa00lO34-0vQSR_h8AT5cPb0:1os3nZ:C9tDKM4CbhXr7t_YJg8Uy8U3rP1C8VCIBPpUxpQ9Yns", "expire_date": "2022-11-21T15:12:29.833Z"}}, {"model": "sessions.session", "pk": "o745fuck5fzd3ynnu4k3qc8704w5nrgr", "fields": {"session_data": "e30:1orGej:LDPIODxfohLzeBKJw2Tap5sMK7NBSR2TwfFYkIHZ150", "expire_date": "2022-11-19T10:44:05.378Z"}}, {"model": "sessions.session", "pk": "pd0yvy5dqul4q6j0rxr268kvbcpj9lmq", "fields": {"session_data": ".eJxVjMEOwiAQRP-FsyG7KC306N1vIAssFjXUlDbRGP9dSXrQ48y8eS_haF1Gt1aeXY5iECh2v52ncOXShnihcp5kmMoyZy8bIre1ytMU-Xbc2D_BSHVsb-zBRkLFtA-owVoEH7vukAwmMHsOSX9zrxQYq3ToEqHVCH0CHwxxk1auNU_F8eOe56cY4P0BdQU-1A:1osuIr:EXbYgQv1NQXmRkruXNOBRND39_ik8_v-EYAQJTzRza4", "expire_date": "2022-11-23T23:16:17.525Z"}}, {"model": "sites.site", "pk": 1, "fields": {"domain": "example.com", "name": "example.com"}}, {"model": "account.emailaddress", "pk": 1, "fields": {"user": 1, "email": "admin@atasteofsicily.com", "verified": true, "primary": true}}, {"model": "account.emailaddress", "pk": 2, "fields": {"user": 2, "email": "testone@mail.com", "verified": true, "primary": true}}, {"model": "account.emailaddress", "pk": 3, "fields": {"user": 3, "email": "prancesco@mail.com", "verified": true, "primary": true}}, {"model": "products.category", "pk": 1, "fields": {"name": "pasta", "friendly_name": "Pasta"}}, {"model": "products.category", "pk": 2, "fields": {"name": "jam_marmalade", "friendly_name": "Jams & Marmalades"}}, {"model": "products.category", "pk": 3, "fields": {"name": "oil_vinegar", "friendly_name": "Oil & Vinegar"}}, {"model": "products.category", "pk": 4, "fields": {"name": "sauce", "friendly_name": "Sauces"}}, {"model": "products.category", "pk": 5, "fields": {"name": "juice_cider", "friendly_name": "Juices & Ciders"}}, {"model": "products.category", "pk": 6, "fields": {"name": "cookies", "friendly_name": "Cookies"}}, {"model": "products.category", "pk": 7, "fields": {"name": "honey", "friendly_name": "Honey"}}, {"model": "products.pairing", "pk": 2, "fields": {"name": "Bread"}}, {"model": "products.pairing", "pk": 3, "fields": {"name": "Pesto"}}, {"model": "products.pairing", "pk": 4, "fields": {"name": "Pistachio Pesto"}}, {"model": "products.pairing", "pk": 5, "fields": {"name": "Conchiglie"}}, {"model": "products.pairing", "pk": 6, "fields": {"name": "Fettuccine"}}, {"model": "products.pairing", "pk": 7, "fields": {"name": "Fusilli"}}, {"model": "products.pairing", "pk": 8, "fields": {"name": "Penne Rigate"}}, {"model": "products.pairing", "pk": 9, "fields": {"name": "Tortiglioni"}}, {"model": "products.pairing", "pk": 10, "fields": {"name": "Spaghetti"}}, {"model": "products.pairing", "pk": 11, "fields": {"name": "Extra-Virgin Olive Oil"}}, {"model": "products.pairing", "pk": 12, "fields": {"name": "Olive Sauce"}}, {"model": "products.pairing", "pk": 13, "fields": {"name": "Tuna Sauce"}}, {"model": "products.pairing", "pk": 14, "fields": {"name": "Ragù"}}, {"model": "products.pairing", "pk": 15, "fields": {"name": "Citrus Juice"}}, {"model": "products.pairing", "pk": 16, "fields": {"name": "Apple Cider"}}, {"model": "products.pairing", "pk": 17, "fields": {"name": "Sicilian-style Macarons"}}, {"model": "products.pairing", "pk": 18, "fields": {"name": "Chocolate Cookies"}}, {"model": "products.pairing", "pk": 19, "fields": {"name": "Tangerine Honey"}}, {"model": "products.pairing", "pk": 20, "fields": {"name": "Red wine"}}, {"model": "products.pairing", "pk": 21, "fields": {"name": "White Wine"}}, {"model": "products.pairing", "pk": 22, "fields": {"name": "Prosecco"}}, {"model": "products.pairing", "pk": 23, "fields": {"name": "Zibibbo (Sicilian dessert wine)"}}, {"model": "products.pairing", "pk": 24, "fields": {"name": "Passito (Sicilian dessert wine)"}}, {"model": "products.pairing", "pk": 25, "fields": {"name": "Cheese"}}, {"model": "products.pairing", "pk": 26, "fields": {"name": "Pasta - All"}}, {"model": "products.pairing", "pk": 27, "fields": {"name": "Salads - All"}}, {"model": "products.food", "pk": 1, "fields": {"category": 1, "type": "Pasta", "name": "Conchiglie", "image": "conchiglie.jpg", "description": "Shell-shaped pasta, ideal to retain elaborate sauces flavoured with meat or fish. Craft product.", "ingredients": "Durum wheat", "certification": "IGP", "format": "500g", "place_of_origin": "Catania, Sicily", "vegan_ok": "vegan_ok.png", "shelf_life": "24 months", "price": "5.99", "pairings": [13]}}, {"model": "products.food", "pk": 2, "fields": {"category": 1, "type": "Pasta", "name": "Fettuccine", "image": "fettuccine.jpg", "description": "Long and thick pasta, ideal with ragù or with our traditional pesto", "ingredients": "Durum wheat", "certification": "IGP", "format": "500g", "place_of_origin": "Catania, Sicily", "vegan_ok": "vegan_ok.png", "shelf_life": "24 months", "price": "5.99", "pairings": [3]}}, {"model": "products.food", "pk": 3, "fields": {"category": 1, "type": "Pasta", "name": "Fusilli", "image": "fusilli.jpg", "description": "Corkscrew-shaped pasta, ideal with our pistachio pesto.", "ingredients": "Durum wheat", "certification": "IGP", "format": "500g", "place_of_origin": "Catania, Sicily", "vegan_ok": "vegan_ok.png", "shelf_life": "24 months", "price": "5.99", "pairings": [12]}}, {"model": "products.food", "pk": 4, "fields": {"category": 1, "type": "Pasta", "name": "Penne Rigate", "image": "penne_rigate.jpg", "description": "Cylinder-shaped pasta, traditionally eaten with marinara or arrabbiata sauce.", "ingredients": "Durum wheat", "certification": "IGP", "format": "500g", "place_of_origin": "Catania, Sicily", "vegan_ok": "vegan_ok.png", "shelf_life": "24 months", "price": "5.99", "pairings": [13]}}, {"model": "products.food", "pk": 5, "fields": {"category": 1, "type": "Pasta", "name": "Tortiglioni", "image": "tortiglioni.jpg", "description": "Short and large, with deep groves spiraling around it, tortiglioni are ideal to retain traditional sauces such as tomato sauce.", "ingredients": "Durum wheat", "certification": "IGP", "format": "500g", "place_of_origin": "Catania, Sicily", "vegan_ok": "vegan_ok.png", "shelf_life": "24 months", "price": "5.99", "pairings": [14]}}, {"model": "products.food", "pk": 6, "fields": {"category": 1, "type": "Pasta", "name": "Spaghetti", "image": "spaghetti.jpg", "description": "Italy's most iconic type of pasta, it is ideal with any type of sauce. Our personal recommendation, though, it to try it with Sicily's beloved 'pasta with sardines'", "ingredients": "Durum wheat", "certification": "IGP", "format": "500g", "place_of_origin": "Catania, Sicily", "vegan_ok": "vegan_ok.png", "shelf_life": "24 months", "price": "5.99", "pairings": [12]}}, {"model": "products.food", "pk": 7, "fields": {"category": 2, "type": "Jam", "name": "Orange marmalade", "image": "marmellata_arance.png", "description": "One of our best products, the orange marmalade is made with Sicily's famous red orange. Ideal for breakfast or as crostata flavouring.", "ingredients": "Oranges, sugar.", "certification": "IGP", "format": "370g", "place_of_origin": "Catania, Sicily", "vegan_ok": "vegan_ok.png", "shelf_life": "24 months", "price": "6.50", "pairings": [2]}}, {"model": "products.food", "pk": 8, "fields": {"category": 2, "type": "Jam", "name": "Persimmon jam", "image": "marmellata_cachi.jpg", "description": "Sweet and intense, our persimmon jam is ideal as gelato pairing or in sweets recipes of all kinds.", "ingredients": "Persimmon, sugar.", "certification": "N/A", "format": "370g", "place_of_origin": "Catania, Sicily", "vegan_ok": "vegan_ok.png", "shelf_life": "24 months", "price": "6.50", "pairings": [2]}}, {"model": "products.food", "pk": 9, "fields": {"category": 2, "type": "Jam", "name": "Lemon marmalade", "image": "marmellata_limoni.jpg", "description": "Sour and intense, it is a ideal for breakfast and for lemon-flavored cookies.", "ingredients": "Lemons, sugar.", "certification": "IGP", "format": "370g", "place_of_origin": "Catania, Sicily", "vegan_ok": "vegan_ok.png", "shelf_life": "24 months", "price": "6.50", "pairings": [2]}}, {"model": "products.food", "pk": 10, "fields": {"category": 3, "type": "Olive Oil", "name": "Extra-Virgin Olive Oil", "image": "olio.jpg", "description": "Delicate yet intense flavour, slightly fruity with hints of tomato. Low acidity.", "ingredients": "Green olives.", "certification": "DOP", "format": "1l", "place_of_origin": "Catania, Sicily", "vegan_ok": "vegan_ok.png", "shelf_life": "24 months", "price": "9.99", "pairings": [27]}}, {"model": "products.food", "pk": 11, "fields": {"category": 3, "type": "Balsamic Vinegar", "name": "Belice Balsamic Vinegar", "image": "aceto.jpg", "description": "Obtained by the local Nero d'Avola vine variety, it is refined in barrels and flavoured with local fresh products.", "ingredients": "Red grapes.", "certification": "DOP", "format": "250ml", "place_of_origin": "Catania, Sicily", "vegan_ok": "vegan_ok.png", "shelf_life": "24 months", "price": "5.00", "pairings": [27]}}, {"model": "products.food", "pk": 12, "fields": {"category": 4, "type": "Sauce", "name": "Pesto", "image": "pesto.jpg", "description": "Originally a recipe from Liguria, in northern Italy, we believe our homemade pesto, produced with fresh basil from our land, offers unique freshness and taste.", "ingredients": "Basil, olive oil, Parmigiano Reggiano, pine nuts.", "certification": "N/A", "format": "300g", "place_of_origin": "Catania, Sicily", "vegan_ok": "", "shelf_life": "24 months", "price": "4.50", "pairings": [26]}}, {"model": "products.food", "pk": 13, "fields": {"category": 4, "type": "Sauce", "name": "Pistachio Pesto", "image": "pesto_pistacchi.jpg", "description": "Our traditional pesto, made with the famous Pistachio of Bronte. It doesn't get more Sicilian than this.", "ingredients": "Basil, olive oil, Parmigiano Reggiano, pine nuts, Pistachio of Bronte.", "certification": "IGP", "format": "300g", "place_of_origin": "Catania, Sicily", "vegan_ok": "", "shelf_life": "24 months", "price": "5.80", "pairings": [26]}}, {"model": "products.food", "pk": 14, "fields": {"category": 4, "type": "Sauce", "name": "Olive Sauce + Tuna Sauce (two sauces)", "image": "sugo-tonno-olive.jpg", "description": "A special bundle of our company, bringing together two tasty sauces that bring together the produce of the land and the flavours of the sea.", "ingredients": "Tomato sauce, black olives, tuna.", "certification": "N/A", "format": "280g + 280g", "place_of_origin": "Catania, Sicily", "vegan_ok": "", "shelf_life": "24 months", "price": "9.99", "pairings": [26]}}, {"model": "products.food", "pk": 15, "fields": {"category": 5, "type": "Fruit Juice", "name": "Citruis Juice", "image": "succo-frutta.jpg", "description": "A citrus-mix fruit juice made with orange and lemon, with an exotic hint of passion fruit.", "ingredients": "Oranges, lemons, passion fruit.", "certification": "N/A", "format": "500ml", "place_of_origin": "Catania, Sicily", "vegan_ok": "", "shelf_life": "24 months", "price": "3.50", "pairings": [18]}}, {"model": "products.food", "pk": 16, "fields": {"category": 5, "type": "Cider", "name": "Apple Cider", "image": "sidro.png", "description": "Originally not a traditional drink of Sicily, we decided to produce this cider to let the curious enjoy the Cola apple variety typical of the region.", "ingredients": "Apples, water, sugar.", "certification": "N/A", "format": "500ml", "place_of_origin": "Catania, Sicily", "vegan_ok": "", "shelf_life": "24 months", "price": "6.50", "pairings": [17]}}, {"model": "products.food", "pk": 17, "fields": {"category": 6, "type": "Cookies", "name": "Chocolate Cookies", "image": "biscotti.jpg", "description": "Cookies flavoured with the famous IGP chocolate from Modica.", "ingredients": "Flour, eggs, butter, Modica IGP chocolate.", "certification": "N/A", "format": "750g", "place_of_origin": "Modica, Sicily", "vegan_ok": "", "shelf_life": "24 months", "price": "8.50", "pairings": [15]}}, {"model": "products.food", "pk": 18, "fields": {"category": 6, "type": "Macarons", "name": "Sicilian-style Macarons", "image": "macaron.png", "description": "A Sicilia variant of the French pastry, our macarons are flavoured with oranges, tangerines, pistachio and chocolate, representing a perfect expression of Sicily's culinary excellence.", "ingredients": "Flour, eggs, butter, Modica IGP chocolate.", "certification": "N/A", "format": "750g", "place_of_origin": "Modica, Sicily", "vegan_ok": "", "shelf_life": "24 months", "price": "12.00", "pairings": [16]}}, {"model": "products.food", "pk": 20, "fields": {"category": 7, "type": "Honey", "name": "Tangerine Honey", "image": "miele_mandarino.jpg", "description": "One of our shop's specials, it combines the quality of Sicilian tangerines with honey produced on the slopes of the Etna volcano. Ideal as a pairing for hard cheeses or if you have a cold.", "ingredients": "Tangerines, honey.", "certification": "N/A", "format": "450g", "place_of_origin": "Catania, Sicily", "vegan_ok": "", "shelf_life": "24 months", "price": "9.00", "pairings": [25]}}, {"model": "checkout.order", "pk": 4, "fields": {"order_number": "F915E01A76D54CBDBCBD6F8F4987AA6C", "user_profile": null, "full_name": "Gabe", "email": "gabe@mail.com", "phone_number": "1240921412974", "country": "Italia", "postcode": "10100", "city": "Nessuna", "street_address1": "Via Nulla 1", "street_address2": null, "region_or_county": null, "date": "2022-11-03T12:03:18.725Z", "delivery_cost": "0.00", "order_total": "0.00", "grand_total": "0.00", "original_cart": "", "stripe_pid": ""}}, {"model": "checkout.order", "pk": 5, "fields": {"order_number": "10CC40910A454CE5974CF5C1C6A54F25", "user_profile": null, "full_name": "Gabbo", "email": "gabe@mail.com", "phone_number": "21328173", "country": "Italy", "postcode": "10100", "city": "boh", "street_address1": "boh", "street_address2": null, "region_or_county": null, "date": "2022-11-03T12:11:02.684Z", "delivery_cost": "0.00", "order_total": "0.00", "grand_total": "0.00", "original_cart": "", "stripe_pid": ""}}, {"model": "checkout.order", "pk": 6, "fields": {"order_number": "4B11C131201040C88496E9E2C17A51B2", "user_profile": null, "full_name": "John", "email": "john@mail.com", "phone_number": "1298214", "country": "Italy", "postcode": "10100", "city": "none", "street_address1": "none", "street_address2": "none", "region_or_county": null, "date": "2022-11-03T12:20:08.150Z", "delivery_cost": "0.00", "order_total": "0.00", "grand_total": "0.00", "original_cart": "", "stripe_pid": ""}}, {"model": "checkout.order", "pk": 7, "fields": {"order_number": "36EDE0F78CA2406AB4A0B76A70EFF402", "user_profile": null, "full_name": "Davide", "email": "dave@mail.com", "phone_number": "12071027", "country": "Italy", "postcode": "10100", "city": "Prizzi", "street_address1": "Via dei Pini 2", "street_address2": null, "region_or_county": "Sicilia", "date": "2022-11-03T12:52:05.479Z", "delivery_cost": "0.50", "order_total": "5.00", "grand_total": "5.50", "original_cart": "", "stripe_pid": ""}}, {"model": "checkout.order", "pk": 8, "fields": {"order_number": "993ADAFEA65E40B4AB579A82893D0620", "user_profile": null, "full_name": "Gabe", "email": "sadasd@mail.com", "phone_number": "dadas", "country": "sad", "postcode": "dasd", "city": "asd", "street_address1": "asd", "street_address2": null, "region_or_county": null, "date": "2022-11-03T13:51:54.155Z", "delivery_cost": "0.60", "order_total": "5.99", "grand_total": "6.59", "original_cart": "", "stripe_pid": ""}}, {"model": "checkout.order", "pk": 9, "fields": {"order_number": "C2FC26C103624175B9F75ADFF1D7AC91", "user_profile": null, "full_name": "Paola", "email": "paola@mail.com", "phone_number": "+213123123", "country": "IT", "postcode": "10100", "city": "Poto", "street_address1": "Via Poto 1", "street_address2": null, "region_or_county": null, "date": "2022-11-03T15:37:24.065Z", "delivery_cost": "1.65", "order_total": "16.49", "grand_total": "18.14", "original_cart": "", "stripe_pid": ""}}, {"model": "checkout.order", "pk": 10, "fields": {"order_number": "1169D18A674B42818ED7933B7069A050", "user_profile": null, "full_name": "Luca", "email": "luca@mail.com", "phone_number": "+3459198899", "country": "IT", "postcode": "10100", "city": "Turin", "street_address1": "anywhere", "street_address2": null, "region_or_county": null, "date": "2022-11-03T15:57:55.287Z", "delivery_cost": "1.45", "order_total": "14.49", "grand_total": "15.94", "original_cart": "", "stripe_pid": ""}}, {"model": "checkout.order", "pk": 11, "fields": {"order_number": "53D019D3309F41E8A904352176DB4DBB", "user_profile": null, "full_name": "Marco", "email": "marcami@mail.com", "phone_number": "+237012371293", "country": "IT", "postcode": "10100", "city": "Marcami", "street_address1": "Via Marchi", "street_address2": null, "region_or_county": null, "date": "2022-11-04T12:38:26.697Z", "delivery_cost": "0.65", "order_total": "6.50", "grand_total": "7.15", "original_cart": "{\"9\": 1}", "stripe_pid": "pi_3M0P9RI5Gia0Sdxx0DqX2MpU"}}, {"model": "checkout.order", "pk": 12, "fields": {"order_number": "0DE91A1795BD454A81BEAD6C6BB0DFBE", "user_profile": null, "full_name": "Marco", "email": "marco@mail.com", "phone_number": "marcami", "country": "IT", "postcode": "marcami", "city": "marcami", "street_address1": "marcami", "street_address2": null, "region_or_county": null, "date": "2022-11-04T12:42:25.941Z", "delivery_cost": "0.35", "order_total": "3.50", "grand_total": "3.85", "original_cart": "{\"15\": 1}", "stripe_pid": "pi_3M0PDUI5Gia0Sdxx1oePY9HW"}}, {"model": "checkout.order", "pk": 13, "fields": {"order_number": "4CD3FDDED99B4092B8EFCA149205BB4D", "user_profile": null, "full_name": "Gabri", "email": "gabri@posta.com", "phone_number": "+123213123", "country": "IT", "postcode": "101010", "city": "Tototo", "street_address1": "Via Mia 1", "street_address2": null, "region_or_county": null, "date": "2022-11-04T12:49:47.234Z", "delivery_cost": "1.60", "order_total": "15.98", "grand_total": "17.58", "original_cart": "{\"1\": 1, \"14\": 1}", "stripe_pid": "pi_3M0PKgI5Gia0Sdxx13WvVm0U"}}, {"model": "checkout.order", "pk": 14, "fields": {"order_number": "02270589AD8949E888EA3608E426F800", "user_profile": 2, "full_name": "TestOne", "email": "testone@mail.com", "phone_number": "+1242121312321", "country": "BO", "postcode": "10100", "city": "Testona", "street_address1": "Via Testona 1", "street_address2": null, "region_or_county": null, "date": "2022-11-05T22:35:04.580Z", "delivery_cost": "0.60", "order_total": "5.99", "grand_total": "6.59", "original_cart": "{\"1\": 1}", "stripe_pid": "pi_3M0uwUI5Gia0Sdxx0173AvSb"}}, {"model": "checkout.order", "pk": 15, "fields": {"order_number": "A70CE68496244AE39AA74280803BCCB8", "user_profile": 3, "full_name": "Prancesco Di Lato", "email": "prancesco@mail.com", "phone_number": "+12312312321", "country": "IT", "postcode": "12321", "city": "Pisa", "street_address1": "Via Roma 1", "street_address2": null, "region_or_county": null, "date": "2022-11-06T11:40:24.014Z", "delivery_cost": "1.00", "order_total": "9.99", "grand_total": "10.99", "original_cart": "{\"10\": 1}", "stripe_pid": "pi_3M17CXI5Gia0Sdxx0sXCtk9o"}}, {"model": "checkout.order", "pk": 16, "fields": {"order_number": "A2023CF6B0BE4220BB27E85502080680", "user_profile": 3, "full_name": "Prancesco", "email": "prancesco@mail.com", "phone_number": "+12312312321", "country": "IT", "postcode": "12321", "city": "Pisa", "street_address1": "Via Roma 1", "street_address2": null, "region_or_county": null, "date": "2022-11-06T11:58:35.267Z", "delivery_cost": "0.65", "order_total": "6.50", "grand_total": "7.15", "original_cart": "{\"7\": 1}", "stripe_pid": "pi_3M17ULI5Gia0Sdxx0Sevdx5M"}}, {"model": "checkout.order", "pk": 17, "fields": {"order_number": "C3329FDD52254B51B29C44F074E12DB9", "user_profile": 3, "full_name": "Prancesco Di Lato", "email": "prancesco@mail.com", "phone_number": "+12312312321", "country": "IT", "postcode": "12321", "city": "Pisa", "street_address1": "Via Roma 1", "street_address2": null, "region_or_county": null, "date": "2022-11-06T17:16:06.318Z", "delivery_cost": "1.20", "order_total": "11.98", "grand_total": "13.18", "original_cart": "{\"5\": 2}", "stripe_pid": "pi_3M1CRlI5Gia0Sdxx0fTsEgQ5"}}, {"model": "checkout.order", "pk": 18, "fields": {"order_number": "CF4CB12DF209437D914B890957BDF723", "user_profile": 2, "full_name": "Testing Email Address", "email": "testone@mail.com", "phone_number": "+1242121312321", "country": "BO", "postcode": "10100", "city": "Testona", "street_address1": "Via Testona 1", "street_address2": null, "region_or_county": null, "date": "2022-11-06T18:31:22.077Z", "delivery_cost": "0.58", "order_total": "5.80", "grand_total": "6.38", "original_cart": "{\"13\": 1}", "stripe_pid": "pi_3M1DcTI5Gia0Sdxx0WXWoLQ4"}}, {"model": "checkout.order", "pk": 19, "fields": {"order_number": "3B3D7C5422794A12957F48971F0ADE2C", "user_profile": 2, "full_name": "TestOne", "email": "testone@mail.com", "phone_number": "+1242121312321", "country": "BO", "postcode": "10100", "city": "Testona", "street_address1": "Via Testona 1", "street_address2": null, "region_or_county": null, "date": "2022-11-06T18:49:15.108Z", "delivery_cost": "1.00", "order_total": "9.99", "grand_total": "10.99", "original_cart": "{\"10\": 1}", "stripe_pid": "pi_3M1DtvI5Gia0Sdxx1oVmSv5q"}}, {"model": "checkout.order", "pk": 20, "fields": {"order_number": "FC3D3A2BA7C342B0A81255EE5BF81835", "user_profile": 2, "full_name": "TestOne", "email": "testone@mail.com", "phone_number": "+1242121312321", "country": "BO", "postcode": "10100", "city": "Testona", "street_address1": "Via Testona 1", "street_address2": null, "region_or_county": null, "date": "2022-11-06T18:51:59.807Z", "delivery_cost": "1.00", "order_total": "9.99", "grand_total": "10.99", "original_cart": "{\"10\": 1}", "stripe_pid": "pi_3M1DwZI5Gia0Sdxx0fXZOuTi"}}, {"model": "checkout.orderlineitem", "pk": 3, "fields": {"order": 7, "food": 11, "quantity": 1, "lineitem_total": "5.00"}}, {"model": "checkout.orderlineitem", "pk": 4, "fields": {"order": 8, "food": 4, "quantity": 1, "lineitem_total": "5.99"}}, {"model": "checkout.orderlineitem", "pk": 5, "fields": {"order": 9, "food": 16, "quantity": 1, "lineitem_total": "6.50"}}, {"model": "checkout.orderlineitem", "pk": 6, "fields": {"order": 9, "food": 14, "quantity": 1, "lineitem_total": "9.99"}}, {"model": "checkout.orderlineitem", "pk": 7, "fields": {"order": 10, "food": 17, "quantity": 1, "lineitem_total": "8.50"}}, {"model": "checkout.orderlineitem", "pk": 8, "fields": {"order": 10, "food": 3, "quantity": 1, "lineitem_total": "5.99"}}, {"model": "checkout.orderlineitem", "pk": 9, "fields": {"order": 11, "food": 9, "quantity": 1, "lineitem_total": "6.50"}}, {"model": "checkout.orderlineitem", "pk": 10, "fields": {"order": 12, "food": 15, "quantity": 1, "lineitem_total": "3.50"}}, {"model": "checkout.orderlineitem", "pk": 11, "fields": {"order": 13, "food": 1, "quantity": 1, "lineitem_total": "5.99"}}, {"model": "checkout.orderlineitem", "pk": 12, "fields": {"order": 13, "food": 14, "quantity": 1, "lineitem_total": "9.99"}}, {"model": "checkout.orderlineitem", "pk": 13, "fields": {"order": 14, "food": 1, "quantity": 1, "lineitem_total": "5.99"}}, {"model": "checkout.orderlineitem", "pk": 14, "fields": {"order": 15, "food": 10, "quantity": 1, "lineitem_total": "9.99"}}, {"model": "checkout.orderlineitem", "pk": 15, "fields": {"order": 16, "food": 7, "quantity": 1, "lineitem_total": "6.50"}}, {"model": "checkout.orderlineitem", "pk": 16, "fields": {"order": 17, "food": 5, "quantity": 2, "lineitem_total": "11.98"}}, {"model": "checkout.orderlineitem", "pk": 17, "fields": {"order": 18, "food": 13, "quantity": 1, "lineitem_total": "5.80"}}, {"model": "checkout.orderlineitem", "pk": 18, "fields": {"order": 19, "food": 10, "quantity": 1, "lineitem_total": "9.99"}}, {"model": "checkout.orderlineitem", "pk": 19, "fields": {"order": 20, "food": 10, "quantity": 1, "lineitem_total": "9.99"}}, {"model": "profiles.userprofile", "pk": 1, "fields": {"user": 1, "default_phone_number": null, "default_street_address1": null, "default_street_address2": null, "default_city": null, "default_postcode": null, "default_region_or_county": null, "default_country": null}}, {"model": "profiles.userprofile", "pk": 2, "fields": {"user": 2, "default_phone_number": "+1242121312321", "default_street_address1": "Via Testona 1", "default_street_address2": null, "default_city": "Testona", "default_postcode": "10100", "default_region_or_county": null, "default_country": "BO"}}, {"model": "profiles.userprofile", "pk": 3, "fields": {"user": 3, "default_phone_number": "+12312312321", "default_street_address1": "Via Roma 1", "default_street_address2": null, "default_city": "Pisa", "default_postcode": "12321", "default_region_or_county": null, "default_country": "IT"}}, {"model": "experiences.experience", "pk": 1, "fields": {"type": "Tasting", "name": "Sicilian Gourmet Tasting (Half Day Experience)", "image": "tasting_btwG7Ep.jpg", "description": "A half-day immersion in Sicilian delicacies, in which we'll be delighted to take you on a journey of discovery of the great products our land offers to us.", "duration": 3, "price": "30.00"}}, {"model": "experiences.experience", "pk": 2, "fields": {"type": "Tasting & Visit", "name": "A Taste Of Sicily (Full Day Experience)", "image": "tasting_visit_PCWHk2R.jpg", "description": "The very best we have to offer! Our signature experience is designed to let you discover the beauty of our countryside (with a long yet relaxing visit to our premises) and the richness of the Sicilian flavours.", "duration": 6, "price": "60.00"}}]