[{"model": "admin.logentry", "pk": 1, "fields": {"action_time": "2022-11-10T17:17:15.488Z", "user": 3, "content_type": 15, "object_id": "1", "object_repr": "Pasta - All", "action_flag": 1, "change_message": "[{\"added\": {}}]"}}, {"model": "admin.logentry", "pk": 2, "fields": {"action_time": "2022-11-10T17:17:37.393Z", "user": 3, "content_type": 15, "object_id": "2", "object_repr": "A Taste Of Sicily's Sauces - All", "action_flag": 1, "change_message": "[{\"added\": {}}]"}}, {"model": "admin.logentry", "pk": 3, "fields": {"action_time": "2022-11-10T17:17:47.525Z", "user": 3, "content_type": 15, "object_id": "3", "object_repr": "Apple Cider", "action_flag": 1, "change_message": "[{\"added\": {}}]"}}, {"model": "admin.logentry", "pk": 4, "fields": {"action_time": "2022-11-10T17:17:57.704Z", "user": 3, "content_type": 15, "object_id": "4", "object_repr": "Citrus Juice", "action_flag": 1, "change_message": "[{\"added\": {}}]"}}, {"model": "admin.logentry", "pk": 5, "fields": {"action_time": "2022-11-10T17:18:05.967Z", "user": 3, "content_type": 15, "object_id": "5", "object_repr": "Chocolate Cookies", "action_flag": 1, "change_message": "[{\"added\": {}}]"}}, {"model": "admin.logentry", "pk": 6, "fields": {"action_time": "2022-11-10T17:18:15.725Z", "user": 3, "content_type": 15, "object_id": "6", "object_repr": "Sicilian-style Macarons", "action_flag": 1, "change_message": "[{\"added\": {}}]"}}, {"model": "admin.logentry", "pk": 7, "fields": {"action_time": "2022-11-10T17:18:29.513Z", "user": 3, "content_type": 15, "object_id": "7", "object_repr": "Salads - All", "action_flag": 1, "change_message": "[{\"added\": {}}]"}}, {"model": "admin.logentry", "pk": 8, "fields": {"action_time": "2022-11-10T17:18:34.416Z", "user": 3, "content_type": 15, "object_id": "8", "object_repr": "Bread", "action_flag": 1, "change_message": "[{\"added\": {}}]"}}, {"model": "admin.logentry", "pk": 9, "fields": {"action_time": "2022-11-10T17:18:39.206Z", "user": 3, "content_type": 15, "object_id": "9", "object_repr": "Cheese", "action_flag": 1, "change_message": "[{\"added\": {}}]"}}, {"model": "admin.logentry", "pk": 10, "fields": {"action_time": "2022-11-10T17:19:01.439Z", "user": 3, "content_type": 14, "object_id": "16", "object_repr": "Apple Cider", "action_flag": 2, "change_message": "[{\"changed\": {\"fields\": [\"Pairings\"]}}]"}}, {"model": "admin.logentry", "pk": 11, "fields": {"action_time": "2022-11-10T17:19:07.069Z", "user": 3, "content_type": 14, "object_id": "11", "object_repr": "Belice Balsamic Vinegar", "action_flag": 2, "change_message": "[{\"changed\": {\"fields\": [\"Pairings\"]}}]"}}, {"model": "admin.logentry", "pk": 12, "fields": {"action_time": "2022-11-10T17:19:14.572Z", "user": 3, "content_type": 14, "object_id": "17", "object_repr": "Chocolate Cookies", "action_flag": 2, "change_message": "[{\"changed\": {\"fields\": [\"Pairings\"]}}]"}}, {"model": "admin.logentry", "pk": 13, "fields": {"action_time": "2022-11-10T17:19:20.786Z", "user": 3, "content_type": 14, "object_id": "15", "object_repr": "Citruis Juice", "action_flag": 2, "change_message": "[{\"changed\": {\"fields\": [\"Pairings\"]}}]"}}, {"model": "admin.logentry", "pk": 14, "fields": {"action_time": "2022-11-10T17:19:29.141Z", "user": 3, "content_type": 14, "object_id": "1", "object_repr": "Conchiglie", "action_flag": 2, "change_message": "[{\"changed\": {\"fields\": [\"Pairings\"]}}]"}}, {"model": "admin.logentry", "pk": 15, "fields": {"action_time": "2022-11-10T17:19:35.609Z", "user": 3, "content_type": 14, "object_id": "10", "object_repr": "Extra-Virgin Olive-Oil", "action_flag": 2, "change_message": "[{\"changed\": {\"fields\": [\"Pairings\"]}}]"}}, {"model": "admin.logentry", "pk": 16, "fields": {"action_time": "2022-11-10T17:19:43.699Z", "user": 3, "content_type": 14, "object_id": "2", "object_repr": "Fettuccine", "action_flag": 2, "change_message": "[{\"changed\": {\"fields\": [\"Pairings\"]}}]"}}, {"model": "admin.logentry", "pk": 17, "fields": {"action_time": "2022-11-10T17:19:58.369Z", "user": 3, "content_type": 14, "object_id": "3", "object_repr": "Fusilli", "action_flag": 2, "change_message": "[{\"changed\": {\"fields\": [\"Pairings\"]}}]"}}, {"model": "admin.logentry", "pk": 18, "fields": {"action_time": "2022-11-10T17:20:04.863Z", "user": 3, "content_type": 14, "object_id": "9", "object_repr": "Lemon marmalade", "action_flag": 2, "change_message": "[{\"changed\": {\"fields\": [\"Pairings\"]}}]"}}, {"model": "admin.logentry", "pk": 19, "fields": {"action_time": "2022-11-10T17:20:27.672Z", "user": 3, "content_type": 14, "object_id": "14", "object_repr": "Olive Sauce + Tuna Sauce (two sauces)", "action_flag": 2, "change_message": "[{\"changed\": {\"fields\": [\"Pairings\"]}}]"}}, {"model": "admin.logentry", "pk": 20, "fields": {"action_time": "2022-11-10T17:20:38.487Z", "user": 3, "content_type": 14, "object_id": "7", "object_repr": "Orange marmalade", "action_flag": 2, "change_message": "[{\"changed\": {\"fields\": [\"Pairings\"]}}]"}}, {"model": "admin.logentry", "pk": 21, "fields": {"action_time": "2022-11-10T17:20:44.735Z", "user": 3, "content_type": 14, "object_id": "4", "object_repr": "Penne Rigate", "action_flag": 2, "change_message": "[{\"changed\": {\"fields\": [\"Pairings\"]}}]"}}, {"model": "admin.logentry", "pk": 22, "fields": {"action_time": "2022-11-10T17:20:52.456Z", "user": 3, "content_type": 14, "object_id": "8", "object_repr": "Persimmon jam", "action_flag": 2, "change_message": "[{\"changed\": {\"fields\": [\"Pairings\"]}}]"}}, {"model": "admin.logentry", "pk": 23, "fields": {"action_time": "2022-11-10T17:21:01.504Z", "user": 3, "content_type": 14, "object_id": "12", "object_repr": "Pesto", "action_flag": 2, "change_message": "[{\"changed\": {\"fields\": [\"Pairings\"]}}]"}}, {"model": "admin.logentry", "pk": 24, "fields": {"action_time": "2022-11-10T17:21:09.622Z", "user": 3, "content_type": 14, "object_id": "13", "object_repr": "Pistachio Pesto", "action_flag": 2, "change_message": "[{\"changed\": {\"fields\": [\"Pairings\"]}}]"}}, {"model": "admin.logentry", "pk": 25, "fields": {"action_time": "2022-11-10T17:21:15.008Z", "user": 3, "content_type": 14, "object_id": "18", "object_repr": "Sicilian-style Macarons", "action_flag": 2, "change_message": "[{\"changed\": {\"fields\": [\"Pairings\"]}}]"}}, {"model": "admin.logentry", "pk": 26, "fields": {"action_time": "2022-11-10T17:21:21.873Z", "user": 3, "content_type": 14, "object_id": "6", "object_repr": "Spaghetti", "action_flag": 2, "change_message": "[{\"changed\": {\"fields\": [\"Pairings\"]}}]"}}, {"model": "admin.logentry", "pk": 27, "fields": {"action_time": "2022-11-10T17:21:36.134Z", "user": 3, "content_type": 14, "object_id": "19", "object_repr": "Tangerine Honey", "action_flag": 2, "change_message": "[{\"changed\": {\"fields\": [\"Pairings\"]}}]"}}, {"model": "admin.logentry", "pk": 28, "fields": {"action_time": "2022-11-10T17:21:42.649Z", "user": 3, "content_type": 14, "object_id": "5", "object_repr": "Tortiglioni", "action_flag": 2, "change_message": "[{\"changed\": {\"fields\": [\"Pairings\"]}}]"}}, {"model": "auth.user", "pk": 1, "fields": {"password": "pbkdf2_sha256$260000$ti9OxGuzjOGXjYaRyYLXXn$L8m2Bu/GtudLVsjM2XXQLVzDrJfk8t4EKl8kLqYI0CQ=", "last_login": null, "is_superuser": false, "username": "shop-admin", "first_name": "", "last_name": "", "email": "admin@atasteofsicily.com", "is_staff": false, "is_active": true, "date_joined": "2022-11-10T16:55:38.268Z", "groups": [], "user_permissions": []}}, {"model": "auth.user", "pk": 2, "fields": {"password": "pbkdf2_sha256$260000$trbyLJOsloqT9NJ3TvxUSb$LLI70heCsA2TPJoXP0MihR74eIxouKnZm8b3WWr3ibE=", "last_login": null, "is_superuser": false, "username": "shopadmin", "first_name": "", "last_name": "", "email": "newadmin@atasteofsicily.com", "is_staff": false, "is_active": true, "date_joined": "2022-11-10T17:03:35.014Z", "groups": [], "user_permissions": []}}, {"model": "auth.user", "pk": 3, "fields": {"password": "pbkdf2_sha256$260000$IMZlPmsKrhUoUPc9Ikb42i$sPdPc6AkrCJOIBMdFbKMwQp1jZyBAbHr15i97aP0E8o=", "last_login": "2022-11-10T17:08:48.254Z", "is_superuser": true, "username": "newshopadmin", "first_name": "", "last_name": "", "email": "newshopadmin@atasteofsicily.com", "is_staff": true, "is_active": true, "date_joined": "2022-11-10T17:08:30.653Z", "groups": [], "user_permissions": []}}, {"model": "sessions.session", "pk": "79v70k51glvu9dk8bj042xtd01utkpt6", "fields": {"session_data": ".eJxVjMsOgjAQRf-la9LI9AlL935DM3SqVGubAHVj_HfBEBO255x73wy9LzUv7hWmeI2BXHhiTKzPNaXmb-scJtYzYA1zWJfxB1yklYkjG9A_Qt4E3THfCvclL1Mc-Jbw3c78Uiik894eDkacx3UttdAn05IkMMaD6IzWAjEoKbADC761Q9ASDIBQ6BUpu1YWLcEAZAX7fAFAtEhF:1otBFG:IuanxhIZYDm4JDGrMfOTWqyneuSiNAYBCWU3K3I0LK8", "expire_date": "2022-11-24T17:21:42.802Z"}}, {"model": "sites.site", "pk": 1, "fields": {"domain": "example.com", "name": "example.com"}}, {"model": "account.emailaddress", "pk": 1, "fields": {"user": 1, "email": "admin@atasteofsicily.com", "verified": false, "primary": true}}, {"model": "account.emailaddress", "pk": 2, "fields": {"user": 2, "email": "newadmin@atasteofsicily.com", "verified": false, "primary": true}}, {"model": "products.category", "pk": 1, "fields": {"name": "pasta", "friendly_name": "Pasta"}}, {"model": "products.category", "pk": 2, "fields": {"name": "jam_marmalade", "friendly_name": "Jams & Marmalades"}}, {"model": "products.category", "pk": 3, "fields": {"name": "oil_vinegar", "friendly_name": "Oil & Vinegar"}}, {"model": "products.category", "pk": 4, "fields": {"name": "sauce", "friendly_name": "Sauces"}}, {"model": "products.category", "pk": 5, "fields": {"name": "juice_cider", "friendly_name": "Juices & Ciders"}}, {"model": "products.category", "pk": 6, "fields": {"name": "cookies", "friendly_name": "Cookies"}}, {"model": "products.category", "pk": 7, "fields": {"name": "honey", "friendly_name": "Honey"}}, {"model": "products.pairing", "pk": 1, "fields": {"name": "Pasta - All"}}, {"model": "products.pairing", "pk": 2, "fields": {"name": "A Taste Of Sicily's Sauces - All"}}, {"model": "products.pairing", "pk": 3, "fields": {"name": "Apple Cider"}}, {"model": "products.pairing", "pk": 4, "fields": {"name": "Citrus Juice"}}, {"model": "products.pairing", "pk": 5, "fields": {"name": "Chocolate Cookies"}}, {"model": "products.pairing", "pk": 6, "fields": {"name": "Sicilian-style Macarons"}}, {"model": "products.pairing", "pk": 7, "fields": {"name": "Salads - All"}}, {"model": "products.pairing", "pk": 8, "fields": {"name": "Bread"}}, {"model": "products.pairing", "pk": 9, "fields": {"name": "Cheese"}}, {"model": "products.food", "pk": 1, "fields": {"category": 1, "type": "Pasta", "name": "Conchiglie", "image": "conchiglie.jpg", "description": "Shell-shaped pasta, ideal to retain elaborate sauces flavoured with meat or fish. Craft product.", "ingredients": "Durum wheat", "certification": "IGP", "format": "500g", "place_of_origin": "Catania, Sicily", "vegan_ok": "vegan_ok.png", "shelf_life": "24 months", "price": "5.99", "pairings": [2]}}, {"model": "products.food", "pk": 2, "fields": {"category": 1, "type": "Pasta", "name": "Fettuccine", "image": "fettuccine.jpg", "description": "Long and thick pasta, ideal with ragù or with our traditional pesto", "ingredients": "Durum wheat", "certification": "IGP", "format": "500g", "place_of_origin": "Catania, Sicily", "vegan_ok": "vegan_ok.png", "shelf_life": "24 months", "price": "5.99", "pairings": [2]}}, {"model": "products.food", "pk": 3, "fields": {"category": 1, "type": "Pasta", "name": "Fusilli", "image": "fusilli.jpg", "description": "Corkscrew-shaped pasta, ideal with our pistachio pesto.", "ingredients": "Durum wheat", "certification": "IGP", "format": "500g", "place_of_origin": "Catania, Sicily", "vegan_ok": "vegan_ok.png", "shelf_life": "24 months", "price": "5.99", "pairings": [2]}}, {"model": "products.food", "pk": 4, "fields": {"category": 1, "type": "Pasta", "name": "Penne Rigate", "image": "penne_rigate.jpg", "description": "Cylinder-shaped pasta, traditionally eaten with marinara or arrabbiata sauce.", "ingredients": "Durum wheat", "certification": "IGP", "format": "500g", "place_of_origin": "Catania, Sicily", "vegan_ok": "vegan_ok.png", "shelf_life": "24 months", "price": "5.99", "pairings": [2]}}, {"model": "products.food", "pk": 5, "fields": {"category": 1, "type": "Pasta", "name": "Tortiglioni", "image": "tortiglioni.jpg", "description": "Short and large, with deep groves spiraling around it, tortiglioni are ideal to retain traditional sauces such as tomato sauce.", "ingredients": "Durum wheat", "certification": "IGP", "format": "500g", "place_of_origin": "Catania, Sicily", "vegan_ok": "vegan_ok.png", "shelf_life": "24 months", "price": "5.99", "pairings": [2]}}, {"model": "products.food", "pk": 6, "fields": {"category": 1, "type": "Pasta", "name": "Spaghetti", "image": "spaghetti.jpg", "description": "Italy's most iconic type of pasta, it is ideal with any type of sauce. Our personal recommendation, though, it to try it with Sicily's beloved 'pasta with sardines'", "ingredients": "Durum wheat", "certification": "IGP", "format": "500g", "place_of_origin": "Catania, Sicily", "vegan_ok": "vegan_ok.png", "shelf_life": "24 months", "price": "5.99", "pairings": [2]}}, {"model": "products.food", "pk": 7, "fields": {"category": 2, "type": "Jam", "name": "Orange marmalade", "image": "marmellata_arance.png", "description": "One of our best products, the orange marmalade is made with Sicily's famous red orange. Ideal for breakfast or as crostata flavouring.", "ingredients": "Oranges, sugar.", "certification": "IGP", "format": "370g", "place_of_origin": "Catania, Sicily", "vegan_ok": "vegan_ok.png", "shelf_life": "24 months", "price": "6.50", "pairings": [8]}}, {"model": "products.food", "pk": 8, "fields": {"category": 2, "type": "Jam", "name": "Persimmon jam", "image": "marmellata_cachi.jpg", "description": "Sweet and intense, our persimmon jam is ideal as gelato pairing or in sweets recipes of all kinds.", "ingredients": "Persimmon, sugar.", "certification": "N/A", "format": "370g", "place_of_origin": "Catania, Sicily", "vegan_ok": "vegan_ok.png", "shelf_life": "24 months", "price": "6.50", "pairings": [8]}}, {"model": "products.food", "pk": 9, "fields": {"category": 2, "type": "Jam", "name": "Lemon marmalade", "image": "marmellata_limoni.jpg", "description": "Sour and intense, it is a ideal for breakfast and for lemon-flavored cookies.", "ingredients": "Lemons, sugar.", "certification": "IGP", "format": "370g", "place_of_origin": "Catania, Sicily", "vegan_ok": "vegan_ok.png", "shelf_life": "24 months", "price": "6.50", "pairings": [8]}}, {"model": "products.food", "pk": 10, "fields": {"category": 3, "type": "Olive Oil", "name": "Extra-Virgin Olive-Oil", "image": "olio.jpg", "description": "Delicate yet intense flavour, slightly fruity with hints of tomato. Low acidity.", "ingredients": "Green olives.", "certification": "DOP", "format": "1l", "place_of_origin": "Catania, Sicily", "vegan_ok": "vegan_ok.png", "shelf_life": "24 months", "price": "9.99", "pairings": [7]}}, {"model": "products.food", "pk": 11, "fields": {"category": 3, "type": "Balsamic Vinegar", "name": "Belice Balsamic Vinegar", "image": "aceto.jpg", "description": "Obtained by the local Nero d'Avola vine variety, it is refined in barrels and flavoured with local fresh products.", "ingredients": "Red grapes.", "certification": "DOP", "format": "250ml", "place_of_origin": "Catania, Sicily", "vegan_ok": "vegan_ok.png", "shelf_life": "24 months", "price": "5.00", "pairings": [7]}}, {"model": "products.food", "pk": 12, "fields": {"category": 4, "type": "Sauce", "name": "Pesto", "image": "pesto.jpg", "description": "Originally a recipe from Liguria, in northern Italy, we believe our homemade pesto, produced with fresh basil from our land, offers unique freshness and taste.", "ingredients": "Basil, olive oil, Parmigiano Reggiano, pine nuts.", "certification": "N/A", "format": "300g", "place_of_origin": "Catania, Sicily", "vegan_ok": "", "shelf_life": "24 months", "price": "4.50", "pairings": [1]}}, {"model": "products.food", "pk": 13, "fields": {"category": 4, "type": "Sauce", "name": "Pistachio Pesto", "image": "pesto_pistacchi.jpg", "description": "Our traditional pesto, made with the famous Pistachio of Bronte. It doesn't get more Sicilian than this.", "ingredients": "Basil, olive oil, Parmigiano Reggiano, pine nuts, Pistachio of Bronte.", "certification": "IGP", "format": "300g", "place_of_origin": "Catania, Sicily", "vegan_ok": "", "shelf_life": "24 months", "price": "5.80", "pairings": [1]}}, {"model": "products.food", "pk": 14, "fields": {"category": 4, "type": "Sauce", "name": "Olive Sauce + Tuna Sauce (two sauces)", "image": "sugo-tonno-olive.jpg", "description": "A special bundle of our company, bringing together two tasty sauces that bring together the produce of the land and the flavours of the sea.", "ingredients": "Tomato sauce, black olives, tuna.", "certification": "N/A", "format": "280g + 280g", "place_of_origin": "Catania, Sicily", "vegan_ok": "", "shelf_life": "24 months", "price": "9.99", "pairings": [1]}}, {"model": "products.food", "pk": 15, "fields": {"category": 5, "type": "Fruit Juice", "name": "Citruis Juice", "image": "succo-frutta.jpg", "description": "A citrus-mix fruit juice made with orange and lemon, with an exotic hint of passion fruit.", "ingredients": "Oranges, lemons, passion fruit.", "certification": "N/A", "format": "500ml", "place_of_origin": "Catania, Sicily", "vegan_ok": "", "shelf_life": "24 months", "price": "3.50", "pairings": [5]}}, {"model": "products.food", "pk": 16, "fields": {"category": 5, "type": "Cider", "name": "Apple Cider", "image": "sidro.png", "description": "Originally not a traditional drink of Sicily, we decided to produce this cider to let the curious enjoy the Cola apple variety typical of the region.", "ingredients": "Apples, water, sugar.", "certification": "N/A", "format": "500ml", "place_of_origin": "Catania, Sicily", "vegan_ok": "", "shelf_life": "24 months", "price": "6.50", "pairings": [6]}}, {"model": "products.food", "pk": 17, "fields": {"category": 6, "type": "Cookies", "name": "Chocolate Cookies", "image": "biscotti.jpg", "description": "Cookies flavoured with the famous IGP chocolate from Modica.", "ingredients": "Flour, eggs, butter, Modica IGP chocolate.", "certification": "N/A", "format": "750g", "place_of_origin": "Modica, Sicily", "vegan_ok": "", "shelf_life": "24 months", "price": "8.50", "pairings": [4]}}, {"model": "products.food", "pk": 18, "fields": {"category": 6, "type": "Macarons", "name": "Sicilian-style Macarons", "image": "macaron.png", "description": "A Sicilia variant of the French pastry, our macarons are flavoured with oranges, tangerines, pistachio and chocolate, representing a perfect expression of Sicily's culinary excellence.", "ingredients": "Flour, eggs, butter, Modica IGP chocolate.", "certification": "N/A", "format": "750g", "place_of_origin": "Modica, Sicily", "vegan_ok": "", "shelf_life": "24 months", "price": "12.00", "pairings": [3]}}, {"model": "products.food", "pk": 19, "fields": {"category": 7, "type": "Honey", "name": "Tangerine Honey", "image": "miele_mandarino.jpg", "description": "One of our shop's specials, it combines the quality of Sicilian tangerines with honey produced on the slopes of the Etna volcano. Ideal as a pairing for hard cheeses or if you have a cold.", "ingredients": "Tangerines, honey.", "certification": "N/A", "format": "450g", "place_of_origin": "Catania, Sicily", "vegan_ok": "", "shelf_life": "24 months", "price": "9.00", "pairings": [9]}}, {"model": "profiles.userprofile", "pk": 1, "fields": {"user": 1, "default_phone_number": null, "default_street_address1": null, "default_street_address2": null, "default_city": null, "default_postcode": null, "default_region_or_county": null, "default_country": null}}, {"model": "profiles.userprofile", "pk": 2, "fields": {"user": 2, "default_phone_number": null, "default_street_address1": null, "default_street_address2": null, "default_city": null, "default_postcode": null, "default_region_or_county": null, "default_country": null}}, {"model": "profiles.userprofile", "pk": 3, "fields": {"user": 3, "default_phone_number": null, "default_street_address1": null, "default_street_address2": null, "default_city": null, "default_postcode": null, "default_region_or_county": null, "default_country": null}}, {"model": "experiences.experience", "pk": 1, "fields": {"type": "Tasting", "name": "Sicilian Gourmet Tasting Experience (Half-day)", "image": "tasting_KjjDcDj.jpg", "description": "In thix experience, we will offer you a selection of our products, ranging from savoury to sweet. All this in our beautiful garden, where you can enjoy both our delicacies and the amazing landscape they come from.", "duration": 1, "price": "30.00"}}, {"model": "experiences.experience", "pk": 2, "fields": {"type": "Tasting & Visit", "name": "A Taste Of Sicily (Full-day)", "image": "tasting_visit_HZW0cuf.jpg", "description": "The very best we can offer you. In this fully immersive experience with us, you will taste the full range of our products and visit our farm and the spectacular countryside that surrounds it.\r\nFor true lovers of Sicily.", "duration": 6, "price": "60.00"}}]